fighter,Height,Weight,Reach,STANCE,DOB
Rafael Fiziev,68,155.0,71,Switch,03/05/1993
Shara Magomedov,74,185.0,73,Orthodox,05/16/1994
Matheus Camilo,70,155.0,69,Orthodox,01/02/2001
Asu Almabayev,64,125.0,65,Orthodox,01/25/1994
Ikram Aliskerov,72,185.0,76,Southpaw,12/07/1992
Abus Magomedov,74,185.0,78,Orthodox,09/02/1990
Farman Hasanov,71,170.0,74,Orthodox,08/01/1995
Abdul Rakhman Yakhyaev,74,205.0,78,Orthodox,01/03/2001
Nursulton Ruziboev,77,185.0,76,Orthodox,11/19/1993
Kaan Ofli,67,145.0,66,Orthodox,06/19/1993
Daniil Donchenko,71,170.0,71,Orthodox,08/04/2001
Jean Matsumoto,66,135.0,68,Orthodox,09/09/1999
Tahir Abdullayev,68,170.0,73,Orthodox,02/02/1997
Manel Kape,65,125.0,68,Southpaw,11/14/1993
Navajo Stirling,76,205.0,79,Orthodox,11/07/1997
Christian Rodriguez,67,145.0,71,Orthodox,12/17/1997
Murtazali Magomedov,69,145.0,70,Orthodox,08/26/1999
Vinicius Oliveira,69,145.0,70,Switch,11/30/1995
Kevin Borjas,65,125.0,68,Orthodox,12/06/1997
Bia Mesquita,64,135.0,67,Orthodox,04/07/1991
Mitch Raposo,65,125.0,64,Switch,10/16/1998
Gaston Bolanos,67,145.0,69,Orthodox,09/14/1992
Levan Chokheli,71,170.0,72,Orthodox,10/02/1996
Luana Santos,66,135.0,67,Orthodox,04/16/2000
Shane Collins,69,145.0,71,Orthodox,03/08/2000
Justin Gaethje,71,155.0,70,Orthodox,11/14/1988
Ciryl Gane,76,247.0,81,Orthodox,04/12/1990
Sean O'Malley,71,135.0,72,Switch,10/24/1994
Josh Hokit,73,235.0,73,Orthodox,11/12/1997
Mauricio Ruffy,71,155.0,75,Orthodox,06/17/1996
Bo Nickal,73,185.0,76,Southpaw,01/14/1996
Diego Lopes,71,145.0,72,Orthodox,12/30/1994
Gabriel Bonfim,73,170.0,72,Orthodox,08/20/1997
Brendan Allen,74,185.0,75,Orthodox,12/28/1995
Tom Nolan,75,155.0,73,Southpaw,03/08/2000
Bryce Mitchell,70,135.0,70,Southpaw,10/04/1994
Iwo Baraniewski,72,205.0,73,Orthodox,11/20/1998
Alessandro Costa,64,125.0,67,Orthodox,01/28/1996
Marcus McGhee,68,135.0,69,Orthodox,05/07/1990
Edgar Chairez,67,125.0,71,Orthodox,01/27/1996
Chelsea Chandler,68,135.0,68,Southpaw,11/23/1990
Joanderson Brito,68,145.0,72,Orthodox,02/11/1995
Jeisla Chaves,66,125.0,68,Orthodox,02/02/1997
Ketlen Souza,63,115.0,63,Orthodox,08/18/1994
Song Yadong,68,135.0,67,Orthodox,12/02/1997
Alonzo Menifield,72,205.0,76,Orthodox,10/18/1987
Sergei Pavlovich,75,257.0,84,Southpaw,05/13/1992
Kai Asakura,68,135.0,69,Orthodox,10/31/1993
Jake Matthews,71,170.0,73,Orthodox,08/19/1994
Alex Perez,66,125.0,65,Orthodox,03/21/1992
Luis Felipe Dias,70,185.0,74,,01/17/1995
Jose Souza,75,170.0,79,Orthodox,05/23/2002
Cody Haddon,67,135.0,69,Orthodox,09/08/1998
Rei Tsuruya,66,125.0,68,Orthodox,06/22/2002
Angela Hill,63,115.0,64,Orthodox,01/12/1985
Rodrigo Vera,68,145.0,68,Orthodox,10/18/1995
Jaqueline Amorim,63,115.0,68,Orthodox,06/24/1995
Arnold Allen,68,145.0,70,Southpaw,01/22/1994
Dooho Choi,70,145.0,70,Orthodox,04/10/1991
Juan Diaz,68,135.0,69,Orthodox,06/03/1998
Modestas Bukauskas,75,205.0,76,Switch,02/10/1994
Benardo Sopaj,66,135.0,66,Orthodox,09/25/2000
Khaos Williams,72,170.0,77,Orthodox,03/30/1994
Ivan Erslan,74,205.0,72,Orthodox,11/15/1991
Tommy Gantt,71,155.0,76,Orthodox,01/09/1993
Ketlen Vieira,68,135.0,68,Orthodox,08/26/1991
Cody Brundage,72,185.0,72,Orthodox,05/16/1994
Alice Ardelean,63,115.0,62,Orthodox,04/19/1992
Luis Gurule,65,125.0,64,Orthodox,11/16/1993
Nicolle Caliari,63,115.0,62,Orthodox,11/04/1996
Sean Strickland,73,185.0,76,Orthodox,02/27/1991
Joshua Van,65,125.0,65,Orthodox,10/10/2001
Alexander Volkov,79,250.0,80,Orthodox,10/24/1988
Sean Brady,70,170.0,72,Orthodox,11/23/1992
King Green,70,155.0,71,Orthodox,09/09/1986
Ateba Gautier,76,185.0,81,Switch,04/10/2002
Yaroslav Amosov,72,170.0,75,Orthodox,09/09/1993
Grant Dawson,70,155.0,72,Switch,02/20/1994
Jim Miller,68,155.0,71,Southpaw,08/30/1983
Roman Kopylov,72,185.0,75,Southpaw,05/04/1992
Pat Sabatini,68,145.0,70,Orthodox,11/09/1990
Baisangur Susurkaev,74,185.0,79,Orthodox,01/08/2001
Jose Ochoa,67,125.0,67,Southpaw,12/31/2000
Carlos Prates,73,170.0,78,Switch,08/17/1993
Quillan Salkilld,72,155.0,75,Orthodox,12/28/1999
Steve Erceg,68,125.0,68,Orthodox,07/27/1995
Marwan Rahiki,68,145.0,72,Orthodox,05/10/2002
Brando Pericic,77,245.0,79,Orthodox,08/03/1994
Louie Sutherland,75,264.0,76,Orthodox,02/08/1994
Cam Rowston,75,185.0,78,Orthodox,01/19/1995
Junior Tafa,75,205.0,75,Orthodox,09/21/1996
Jacob Malkoun,69,185.0,73,Orthodox,08/26/1995
Colby Thicknesse,67,135.0,69,Orthodox,06/23/1999
Wes Schultz,73,185.0,77,Orthodox,08/09/1996
Jonathan Micallef,72,170.0,77,Southpaw,03/05/1999
Kody Steele,69,155.0,71,Orthodox,04/21/1995
Aljamain Sterling,67,145.0,71,Orthodox,07/31/1989
Joselyne Edwards,68,135.0,70,Orthodox,09/29/1995
Rafa Garcia,67,155.0,70,Orthodox,08/05/1994
Davey Grant,68,135.0,69,Orthodox,12/18/1985
Raoni Barcelos,67,135.0,67,Orthodox,05/01/1987
Ryan Spann,77,205.0,79,Orthodox,08/24/1991
Eric McConico,72,185.0,77,Southpaw,05/09/1990
Jackson McVey,76,185.0,77,Southpaw,03/25/1999
Michelle Montague,69,135.0,68,Southpaw,11/25/1993
Cody Durden,67,125.0,67,Southpaw,03/29/1991
Francis Marshall,69,155.0,72,Orthodox,03/03/1999
Victor Valenzuela,69,170.0,71,Orthodox,02/09/1994
Talita Alencar,61,115.0,58,Orthodox,10/17/1990
Mike Malott,73,170.0,73,Orthodox,11/07/1991
Charles Jourdain,69,135.0,69,Switch,11/27/1995
Jai Herbert,73,155.0,77,Orthodox,05/13/1988
Jasmine Jasudavicius,67,125.0,68,Orthodox,03/01/1989
Gauge Young,69,155.0,70,Orthodox,07/14/2000
Marcio Barbosa,66,145.0,70,Orthodox,05/22/1998
Robert Valentin,74,185.0,77,Orthodox,03/31/1995
Gokhan Saricam,75,265.0,75,Orthodox,02/28/1991
Melissa Croden,69,135.0,68,Orthodox,04/12/1991
JJ Aldrich,65,125.0,67,Southpaw,09/29/1992
John Castaneda,66,135.0,71,Switch,12/18/1991
John Yannis,67,135.0,70,Southpaw,07/07/1994
Carlos Ulberg,76,205.0,77,Orthodox,11/07/1990
Paulo Costa,73,205.0,72,Orthodox,04/21/1991
Dominick Reyes,76,205.0,77,Southpaw,12/26/1989
Cub Swanson,68,145.0,70,Orthodox,11/02/1983
Aaron Pico,68,145.0,70,Orthodox,09/23/1996
Kevin Holland,75,170.0,81,Orthodox,11/05/1992
Mateusz Gamrot,70,155.0,70,Southpaw,12/11/1990
Tatiana Suarez,65,115.0,66,Southpaw,12/19/1990
Chris Padilla,69,155.0,74,Orthodox,09/14/1995
Vicente Luque,71,185.0,75,Orthodox,11/27/1991
Charles Radtke,69,170.0,72,Orthodox,07/09/1990
Renato Moicano,71,155.0,72,Orthodox,05/21/1989
Virna Jandiroba,63,115.0,64,Orthodox,05/30/1988
Ethyn Ewing,66,135.0,69,Orthodox,02/19/1996
Tommy McMillen,72,145.0,74,Orthodox,12/15/1997
Jose Delano,68,145.0,70,Orthodox,09/11/1996
Thomas Petersen,73,250.0,74,Southpaw,03/30/1995
Darrius Flowers,69,155.0,71,Orthodox,08/25/1994
Alice Pereira,68,135.0,71,Orthodox,12/20/2005
Tresean Gore,72,185.0,75,Switch,06/21/1994
Dione Barbosa,66,125.0,66,Orthodox,05/08/1992
Kai Kamaka III,67,145.0,69,Orthodox,01/05/1995
Joe Pyfer,74,185.0,75,Orthodox,09/17/1996
Alexa Grasso,65,125.0,66,Orthodox,08/09/1993
Michael Chiesa,73,170.0,75,Southpaw,12/07/1987
Lerryan Douglas,69,145.0,72,Orthodox,04/27/1995
Yousri Belgaroui,78,185.0,79,Orthodox,06/02/1992
Terrance McKinney,70,155.0,73,Switch,09/15/1994
Tofiq Musayev,69,155.0,69,Orthodox,12/15/1989
Lance Gibson Jr.,69,155.0,72,Switch,02/02/1995
Tyrell Fortune,72,259.0,75,Orthodox,07/04/1990
Casey O'Neill,66,125.0,69,Orthodox,10/07/1997
Ricky Simon,66,135.0,69,Orthodox,08/31/1992
Alexia Thainara,64,115.0,67,Orthodox,11/20/1995
Movsar Evloev,67,145.0,72,Orthodox,02/11/1994
Luke Riley,69,145.0,69,Orthodox,06/30/1999
Michael Page,75,170.0,79,Switch,04/07/1987
Christian Leroy Duncan,74,185.0,79,Switch,07/24/1995
Danny Silva,67,145.0,69,Switch,01/30/1997
Mason Jones,70,155.0,74,Orthodox,04/26/1995
Nathaniel Wood,66,145.0,69,Orthodox,05/08/1993
Mario Pinto,77,265.0,79,Orthodox,03/14/1998
Mantas Kondratavicius,74,185.0,75,Orthodox,07/17/1999
Abdul-Kareem Al-Selwady,68,155.0,69,Orthodox,04/10/1995
Shanelle Dyer,66,115.0,65,Orthodox,04/23/2001
Kevin Vallejos,67,145.0,68,Switch,12/08/2001
Gillian Robertson,65,115.0,63,Orthodox,05/17/1995
Jose Delgado,71,145.0,74,Switch,04/21/1998
Ion Cutelaba,73,205.0,75,Southpaw,12/14/1993
Charles Johnson,69,125.0,70,Switch,01/10/1991
Myktybek Orolbai,70,170.0,74,Orthodox,02/10/1998
Vitor Petrino,74,225.0,77,Orthodox,08/28/1997
Elijah Smith,69,135.0,71,Orthodox,09/05/2002
Manoel Sousa,69,155.0,70,Orthodox,06/04/1997
Eryk Anders,73,185.0,75,Southpaw,04/21/1987
Hecher Sosa,69,135.0,70,Orthodox,08/25/1995
Piera Rodriguez,63,115.0,63,Orthodox,11/11/1992
Charles Oliveira,70,155.0,74,Orthodox,10/17/1989
Caio Borralho,73,185.0,75,Southpaw,01/16/1993
Raul Rosas Jr.,69,135.0,67,Switch,10/08/2004
Drew Dober,68,155.0,70,Southpaw,10/19/1988
Gregory Rodrigues,75,185.0,75,Orthodox,02/17/1992
Cody Garbrandt,68,135.0,65,Orthodox,07/07/1991
Donte Johnson,68,185.0,74,Southpaw,01/25/1999
Alberto Montes,67,145.0,69,Orthodox,05/31/1994
Nyamjargal Tumendemberel,67,125.0,71,Orthodox,03/22/1998
Sumudaerji,68,125.0,72,Southpaw,01/20/1996
Diyar Nurgozhay,74,205.0,74,Southpaw,04/22/1997
Rodolfo Bellato,75,205.0,75,Orthodox,02/05/1996
Lone'er Kavanagh,66,125.0,67,Orthodox,06/09/1999
David Martinez,65,135.0,67,Orthodox,08/03/1998
Imanol Rodriguez,64,125.0,64,Orthodox,11/15/1999
Santiago Luna,69,135.0,74,Orthodox,08/06/2004
Ryan Gandra,73,185.0,74,Orthodox,05/08/1995
Ailin Perez,65,135.0,66,Switch,10/05/1994
Cristian Quinonez,68,135.0,70,Orthodox,04/26/1996
Javier Reyes,67,145.0,73,Orthodox,10/13/1993
Regina Tarin,67,135.0,66,Southpaw,10/19/2004
Damian Pinas,73,185.0,79,Orthodox,03/12/2002
Uros Medic,73,170.0,71,Southpaw,04/25/1993
Melquizael Costa,70,145.0,71,Southpaw,09/14/1996
Serghei Spivac,75,260.0,78,Orthodox,01/24/1995
Jacobe Smith,70,170.0,72,Southpaw,01/17/1996
Michel Pereira,73,185.0,73,Orthodox,10/06/1993
Carlos Leal,71,170.0,74,Orthodox,05/04/1994
Ode Osbourne,67,125.0,73,Southpaw,01/09/1992
Alden Coria,68,125.0,67,Orthodox,04/24/1998
Punahele Soriano,71,170.0,72,Southpaw,11/22/1992
Jean-Paul Lebosnoyani,71,170.0,72,Switch,01/27/1999
Jordan Leavitt,69,145.0,71,Southpaw,06/02/1995
Carli Judice,67,125.0,68,Southpaw,03/02/1999
Mario Bautista,69,135.0,69,Switch,07/01/1993
Kyoji Horiguchi,64,125.0,63,Orthodox,10/12/1990
Rizvan Kuniev,76,240.0,76,Orthodox,03/10/1992
Michal Oleksiejczuk,72,185.0,74,Southpaw,02/22/1995
Farid Basharat,68,135.0,71,Orthodox,08/02/1997
Dustin Jacoby,75,205.0,76,Orthodox,04/04/1988
Nikolay Veretennikov,73,170.0,74,Orthodox,12/22/1989
Javid Basharat,69,135.0,69,Orthodox,09/07/1995
Wang Cong,66,125.0,66,Southpaw,05/15/1992
Jakub Wiklacz,70,135.0,72,Orthodox,09/10/1996
Klaudia Sygula,68,135.0,69,Orthodox,12/30/1998
Alexander Volkanovski,66,145.0,71,Orthodox,09/29/1988
Benoit Saint Denis,71,155.0,73,Southpaw,12/18/1995
Tallison Teixeira,79,258.0,83,Orthodox,12/07/1999
Billy Elekana,75,205.0,77,Southpaw,05/28/1995
Dom Mar Fan,71,155.0,75,Orthodox,03/19/2000
Keiichiro Nakamura,70,145.0,70,Southpaw,12/02/1998
Lawrence Lui,67,135.0,72,Orthodox,08/04/1996
Waldo Cortes Acosta,76,260.0,78,Orthodox,10/03/1991
Natalia Silva,64,125.0,65,Southpaw,02/03/1997
Jean Silva,67,145.0,69,Orthodox,12/27/1996
Umar Nurmagomedov,68,135.0,69,Orthodox,01/03/1996
Nikita Krylov,75,205.0,77,Orthodox,03/07/1992
Ty Miller,74,170.0,77,Orthodox,06/04/2000
Cezary Oleksiejczuk,75,185.0,75,Southpaw,01/06/2000
Kennedy Nzechukwu,77,236.0,83,Southpaw,06/13/1992
Steven Asplund,77,260.0,78,Orthodox,07/16/1998
Guilherme Pat,78,265.0,81,Orthodox,04/20/1994
Jamey-Lyn Horth,67,125.0,66,Orthodox,03/30/1990
Petr Yan,67,135.0,67,Switch,02/11/1993
Tatsuro Taira,67,125.0,70,Orthodox,01/27/2000
Payton Talbott,70,135.0,70,Switch,09/09/1998
Jan Blachowicz,74,205.0,78,Orthodox,02/24/1983
Manuel Torres,70,155.0,73,Switch,03/25/1995
Chris Duncan,70,155.0,71,Orthodox,05/10/1993
Maycee Barber,65,125.0,65,Switch,05/18/1998
Fares Ziam,73,155.0,75,Orthodox,03/21/1997
Brunno Ferreira,70,185.0,72,Orthodox,11/04/1992
Jalin Turner,75,155.0,77,Southpaw,05/18/1995
Mansur Abdul-Malik,74,185.0,80,Orthodox,10/07/1997
Mairon Santos,67,145.0,72,Orthodox,06/10/2000
Arman Tsarukyan,67,155.0,72,Orthodox,10/11/1996
Ian Machado Garry,75,170.0,74,Orthodox,11/17/1997
Volkan Oezdemir,74,205.0,75,Orthodox,09/19/1989
Nicolas Dalby,71,170.0,74,Orthodox,11/16/1984
Aleksandre Topuria,67,135.0,68,Orthodox,01/28/1996
Ismail Naurdiev,70,185.0,74,Orthodox,08/18/1996
Nurullo Aliev,70,155.0,72,Orthodox,12/08/2000
Denzel Freeman,73,265.0,77,Southpaw,11/10/1991
Islam Makhachev,70,170.0,70,Southpaw,10/27/1991
Valentina Shevchenko,65,125.0,66,Southpaw,03/07/1988
Michael Morales,72,170.0,79,Orthodox,06/24/1999
Erin Blanchfield,64,125.0,66,Orthodox,05/04/1999
Kyle Daukaus,74,185.0,76,Southpaw,02/27/1993
Fatima Kline,66,115.0,67,Orthodox,07/12/2000
Joseph Morales,66,125.0,69,Switch,08/22/1994
Jamall Emmers,70,145.0,74,Orthodox,07/24/1989
Jacqueline Cavalcanti,68,135.0,70,Orthodox,08/29/1997
Denise Gomes,62,115.0,63,Orthodox,12/30/1999
Daniel Marcos,67,135.0,69,Orthodox,03/07/1993
Zach Reese,76,185.0,77,Switch,03/24/1994
Steve Garcia,72,145.0,75,Southpaw,05/22/1992
Jeremiah Wells,69,170.0,74,Switch,10/30/1986
Yadier del Valle,69,145.0,69,Southpaw,07/29/1996
Allan Nascimento,68,125.0,69,Orthodox,09/11/1991
Timmy Cuamba,69,135.0,71,Orthodox,02/08/1999
Norma Dumont,67,135.0,67,Orthodox,10/01/1990
Seokhyeon Ko,70,170.0,71,Southpaw,09/24/1993
Tom Aspinall,77,255.0,78,Orthodox,04/11/1993
Mackenzie Dern,64,115.0,63,Orthodox,03/24/1993
Azamat Murzakanov,70,205.0,71,Southpaw,04/12/1989
Ludovit Klein,67,155.0,72,Southpaw,02/22/1995
Valter Walker,78,244.0,78,Orthodox,12/14/1997
Hamdy Abdelwahab,74,265.0,72,Southpaw,01/22/1993
Mizuki,63,115.0,65,Orthodox,08/19/1994
Aiemann Zahabi,68,135.0,68,Orthodox,11/19/1987
Manon Fiorot,67,125.0,65,Orthodox,02/17/1990
Kyle Nelson,71,155.0,71,Switch,04/20/1991
Aoriqileng,67,135.0,69,Orthodox,06/25/1993
Bruno Silva,64,125.0,65,Orthodox,03/16/1990
Djorden Santos,72,185.0,75,Orthodox,08/01/1997
Stephanie Luciano,66,115.0,65,Orthodox,12/16/1999
Deiveson Figueiredo,65,135.0,68,Orthodox,12/18/1987
Joel Alvarez,75,170.0,77,Orthodox,03/02/1993
Michael Aswell Jr.,68,145.0,69,Orthodox,09/27/2000
Jafel Filho,67,125.0,68,Orthodox,05/05/1993
Lucas Rocha,63,125.0,64,Orthodox,08/12/2000
Julia Polastri,62,115.0,63,Orthodox,03/05/1998
Luan Lacerda,67,135.0,71,Orthodox,01/07/1993
Alex Pereira,76,205.0,79,Orthodox,07/07/1987
Merab Dvalishvili,66,135.0,68,Orthodox,01/10/1991
Jiri Prochazka,75,205.0,80,Orthodox,10/14/1992
Youssef Zalal,70,145.0,72,Switch,09/04/1996
Daniel Santos,67,145.0,67,Orthodox,03/12/1995
Edmen Shahbazyan,74,185.0,74,Orthodox,11/20/1997
Yana Santos,66,135.0,68,Orthodox,11/11/1989
Ramiz Brahimaj,70,170.0,72,Orthodox,11/17/1992
Veronica Hardy,64,125.0,64,Southpaw,10/30/1995
Jimmy Crute,74,205.0,74,Orthodox,03/04/1996
Jack Jenkins,67,145.0,68,Switch,11/03/1993
Neil Magny,75,170.0,80,Orthodox,08/03/1987
Jamie Mullarkey,72,155.0,74,Orthodox,08/17/1994
Kelvin Gastelum,69,185.0,71,Southpaw,10/24/1991
Alexander Hernandez,69,155.0,72,Orthodox,10/01/1992
Dusko Todorovic,73,185.0,74,Orthodox,05/19/1994
Joaquim Silva,68,155.0,69,Southpaw,02/05/1989
Jesus Aguilar,64,125.0,62,Orthodox,03/13/1996
Montse Rendon,68,135.0,68,Orthodox,03/16/1989
Nassourdine Imavov,75,185.0,75,Orthodox,03/01/1996
Axel Sola,72,155.0,74,Southpaw,09/17/1997
William Gomis,72,145.0,73,Southpaw,06/13/1997
Oumar Sy,76,205.0,83,Orthodox,11/21/1995
Ante Delija,75,239.0,78,Orthodox,08/07/1990
Kaue Fernandes,69,155.0,73,Orthodox,03/17/1995
Sam Patterson,75,170.0,78,Orthodox,04/30/1996
Robert Bryczek,72,185.0,75,Orthodox,07/04/1990
Rinat Fakhretdinov,72,170.0,74,Orthodox,09/28/1991
Sam Hughes,65,115.0,64,Orthodox,06/28/1992
Johnny Walker,78,205.0,82,Orthodox,03/30/1992
Taiyilake Nueraji,74,170.0,75,Southpaw,01/12/2001
Rongzhu,69,155.0,70,Orthodox,03/07/2000
Yizha,67,145.0,71,Orthodox,01/08/1997
SuYoung You,66,135.0,65,Orthodox,12/11/1995
Uran Satybaldiev,76,205.0,79,Orthodox,08/10/1994
Bruna Brasil,66,115.0,65,Orthodox,09/07/1993
Khamzat Chimaev,74,185.0,75,Orthodox,05/01/1994
Lerone Murphy,69,145.0,73,Orthodox,07/22/1991
Tim Elliott,67,125.0,66,Southpaw,12/24/1986
Loopy Godinez,62,115.0,61,Orthodox,09/06/1993
Drakkar Klose,69,155.0,70,Orthodox,03/09/1988
Karine Silva,65,125.0,67,Orthodox,12/02/1993
Anthony Hernandez,72,185.0,75,Orthodox,10/18/1993
Iasmin Lucindo,63,115.0,66,Orthodox,01/08/2002
Andre Fili,71,145.0,74,Orthodox,06/25/1990
Julius Walker,76,205.0,78,Orthodox,07/16/1999
Gabriella Fernandes,66,125.0,66,Southpaw,08/13/1993
Esteban Ribovics,70,155.0,69,Orthodox,04/27/1996
Karol Rosa,65,135.0,67,Orthodox,12/30/1994
Rinya Nakamura,67,135.0,68,Southpaw,03/23/1995
Rodolfo Vieira,72,185.0,73,Orthodox,09/25/1989
Andrey Pulyaev,76,185.0,78,Southpaw,09/10/1997
Austin Bashi,66,145.0,70,Orthodox,09/29/2001
Rafael Estevam,68,135.0,69,Orthodox,08/10/1996
Reinier de Ridder,76,185.0,78,Southpaw,09/07/1990
Bogdan Guskov,75,205.0,76,Orthodox,09/12/1992
Muslim Salikhov,71,170.0,70,Orthodox,06/09/1984
Tabatha Ricci,61,115.0,61,Orthodox,02/21/1995
Steven Nguyen,71,145.0,73,Switch,05/19/1993
Martin Buday,76,265.0,77,Orthodox,11/11/1991
Max Holloway,71,155.0,69,Orthodox,12/04/1991
Daniel Rodriguez,73,170.0,74,Southpaw,12/31/1986
Patricio Pitbull,66,145.0,67,Orthodox,07/07/1987
Michael Johnson,70,155.0,73,Southpaw,06/04/1986
Islam Dulatov,75,170.0,75,Orthodox,08/02/1998
Derrick Lewis,75,260.0,79,Orthodox,02/07/1985
Morgan Charriere,68,145.0,69,Orthodox,10/26/1995
Tuco Tokkos,76,205.0,76,Orthodox,06/30/1990
Chris Curtis,70,170.0,75,Orthodox,07/15/1987
Eduarda Moura,66,125.0,67,Orthodox,02/28/1994
Mike Davis,72,155.0,72,Orthodox,10/07/1992
Ilia Topuria,67,155.0,69,Orthodox,01/21/1997
Alexandre Pantoja,65,125.0,67,Orthodox,04/16/1990
Beneil Dariush,70,155.0,72,Southpaw,05/06/1989
Tracy Cortez,65,125.0,65,Orthodox,12/10/1993
Jhonata Diniz,76,254.0,79,Orthodox,06/23/1991
Khalil Rountree Jr.,73,205.0,76,Southpaw,02/26/1990
Curtis Blaydes,76,265.0,80,Orthodox,02/18/1991
Nazim Sadykhov,70,155.0,69,Southpaw,05/16/1994
Muhammad Naimov,69,145.0,70,Orthodox,08/07/1994
JunYong Park,70,185.0,73,Orthodox,02/27/1991
Daria Zhelezniakova,69,135.0,68,Orthodox,01/23/1996
Tagir Ulanbekov,67,125.0,70,Southpaw,08/07/1991
Mohammed Usman,74,239.0,79,Orthodox,04/01/1989
Kamaru Usman,72,185.0,76,Switch,05/11/1987
Rose Namajunas,65,125.0,65,Orthodox,06/29/1992
Paul Craig,75,205.0,76,Orthodox,11/27/1987
Malcolm Wellmaker,70,135.0,71,Switch,06/04/1994
Phil Rowe,75,170.0,80,Orthodox,07/18/1990
Kayla Harrison,68,135.0,66,Southpaw,07/02/1990
Andreas Gustafsson,73,170.0,73,Orthodox,02/20/1991
JooSang Yoo,67,145.0,71,Orthodox,01/21/1994
MarQuel Mederos,70,155.0,69,Orthodox,11/30/1996
Bolaji Oki,70,155.0,73,Orthodox,11/15/1995
Gabe Green,70,155.0,73,Switch,05/02/1993
Jared Gordon,69,155.0,68,Orthodox,09/06/1988
HyunSung Park,67,125.0,66,Orthodox,11/04/1995
Tecia Pennington,61,115.0,60,Orthodox,08/16/1989
Jack Della Maddalena,71,170.0,73,Switch,09/10/1996
Marc-Andre Barriault,73,185.0,74,Orthodox,02/18/1990
Bekzat Almakhan,67,135.0,68,Orthodox,10/08/1997
Cory Sandhagen,71,135.0,70,Switch,04/20/1992
Montel Jackson,70,135.0,75,Southpaw,04/24/1992
Serhiy Sidey,71,135.0,72,Switch,07/04/1996
Azamat Bekoev,72,185.0,72,Orthodox,12/30/1995
Quang Le,67,135.0,70,Orthodox,10/18/1991
Juliana Miller,67,125.0,66,Orthodox,05/07/1996
Zhang Mingyang,74,205.0,75,Orthodox,08/16/1998
David Onama,71,145.0,74,Orthodox,06/07/1994
Randy Brown,75,170.0,78,Orthodox,07/08/1990
Matt Schnell,68,125.0,70,Orthodox,01/15/1990
Evan Elder,70,155.0,72,Switch,04/11/1997
Chris Gutierrez,69,135.0,67,Orthodox,04/22/1991
Da'Mon Blackshear,70,135.0,72,Switch,08/12/1994
Paddy Pimblett,70,155.0,73,Orthodox,01/03/1995
Yair Rodriguez,71,145.0,71,Orthodox,10/06/1992
Dan Ige,67,145.0,71,Orthodox,08/06/1991
Chase Hooper,73,155.0,74,Southpaw,09/13/1999
Julian Erosa,73,145.0,74,Southpaw,07/31/1989
Marco Tulio,72,185.0,74,Orthodox,06/13/1994
Nora Cornolle,67,135.0,67,Orthodox,12/06/1989
ChangHo Lee,68,135.0,69,Orthodox,05/09/1994
Brad Tavares,73,185.0,74,Orthodox,12/21/1987
Torrez Finney,68,185.0,75,Orthodox,10/24/1998
Rhys McKee,74,170.0,78,Orthodox,09/10/1995
Loma Lookboonmee,61,115.0,61,Orthodox,01/18/1996
Victor Henry,67,135.0,68,Switch,05/04/1987
Brandon Moreno,67,125.0,70,Orthodox,12/07/1993
Marcin Tybura,75,249.0,78,Orthodox,11/09/1985
Shauna Bannon,65,115.0,65,Switch,10/23/1993
Caolan Loughran,66,135.0,68,Orthodox,05/18/1996
Roman Dolidze,74,185.0,76,Orthodox,07/15/1988
Chidi Njokuani,75,170.0,80,Orthodox,12/31/1988
Brendson Ribeiro,75,205.0,81,Orthodox,09/08/1996
Carlos Vera,66,135.0,69,Orthodox,11/05/1987
Andre Lima,67,125.0,67,Orthodox,02/04/1999
Priscila Cachoeira,67,135.0,65,Orthodox,08/19/1988
Magomed Ankalaev,75,205.0,75,Orthodox,06/02/1992
Ignacio Bahamondes,75,155.0,75,Orthodox,08/27/1997
Amanda Lemos,64,115.0,65,Southpaw,05/22/1987
Ozzy Diaz,76,185.0,79,Orthodox,11/22/1990
Nasrat Haqparast,70,155.0,72,Southpaw,08/22/1995
Hyder Amil,69,145.0,70,Switch,05/28/1990
Chepe Mariscal,67,145.0,69,Orthodox,10/27/1992
Ramazan Temirov,64,125.0,63,Orthodox,01/31/1997
Rob Font,68,135.0,71,Orthodox,06/25/1987
Austin Vanderford,71,170.0,74,Orthodox,03/21/1990
Jared Cannonier,71,185.0,77,Switch,03/16/1984
Andre Petroski,72,185.0,73,Switch,06/12/1991
Dricus Du Plessis,73,185.0,76,Switch,01/14/1994
Zhang Weili,64,115.0,63,Switch,08/13/1989
Gabriel Santos,69,145.0,70,Orthodox,11/28/1996
Shamil Gaziev,76,265.0,78,Orthodox,02/10/1990
Bogdan Grad,68,145.0,70,Orthodox,09/28/1995
Jailton Almeida,75,225.0,79,Orthodox,06/26/1991
Muin Gafurov,67,135.0,68,Orthodox,05/17/1996
Santiago Ponzinibbio,72,170.0,73,Orthodox,09/26/1986
Cesar Almeida,73,185.0,74,Orthodox,03/28/1988
Felipe Bunes,67,125.0,69,Orthodox,10/29/1989
Thiago Moises,69,155.0,70,Orthodox,03/23/1995
Ernesta Kareckaite,69,125.0,71,Orthodox,07/05/1998
Bruno Lopes,74,205.0,74,Orthodox,04/24/1993
Joaquin Buckley,70,170.0,76,Southpaw,04/27/1994
Sean Woodson,74,145.0,78,Orthodox,06/07/1992
Felipe Lima,66,135.0,68,Orthodox,05/07/1998
Miranda Maverick,63,125.0,65,Southpaw,07/01/1997
Shavkat Rakhmonov,73,170.0,77,Orthodox,10/23/1994
Bryan Battle,73,185.0,77,Orthodox,09/21/1994
Yan Xiaonan,65,115.0,63,Orthodox,06/16/1989
DongHun Choi,65,125.0,66,Switch,01/02/1999
Shi Ming,62,115.0,60,Orthodox,11/14/1994
Carlos Hernandez,68,125.0,67,Orthodox,10/25/1993
Xiao Long,68,135.0,70,Orthodox,04/13/1998
Nikolas Motta,69,155.0,70,Orthodox,02/08/1993
Jon Jones,76,248.0,84,Orthodox,07/19/1987
Viviane Araujo,64,125.0,68,Orthodox,11/21/1986
Oban Elliott,72,170.0,72,Orthodox,12/19/1997
Elizeu Zaleski dos Santos,71,170.0,73,Orthodox,12/11/1986
Melissa Mullins,67,135.0,68,Orthodox,07/23/1991
Dustin Stoltzfus,72,185.0,75,Orthodox,11/15/1991
Alexandr Romanov,74,262.0,75,Southpaw,12/11/1990
Cody Gibson,70,135.0,71,Orthodox,09/11/1987
Ibo Aslan,75,205.0,77,Orthodox,04/23/1996
Geoff Neal,71,170.0,75,Southpaw,08/28/1990
Mateusz Rebecki,67,155.0,66,Southpaw,10/03/1992
Cameron Smotherman,69,135.0,69,Orthodox,09/17/1997
Darren Elkins,70,145.0,71,Orthodox,05/16/1984
Elise Reed,63,115.0,63,Orthodox,12/05/1992
Melissa Martinez,62,115.0,66,Southpaw,08/18/1997
Austen Lane,78,205.0,80,Orthodox,11/09/1987
Brandon Royval,69,125.0,68,Southpaw,08/16/1992
Themba Gorimbo,73,170.0,77,Orthodox,01/23/1991
Clayton Carpenter,66,125.0,66,Orthodox,06/09/1996
Julianna Pena,66,135.0,69,Orthodox,08/19/1989
Court McGee,71,170.0,75,Orthodox,12/12/1984
Taylor Lapilus,66,135.0,73,Southpaw,04/08/1992
Daniel Barez,66,125.0,66,Orthodox,12/10/1988
Ronaldo Rodriguez,66,125.0,65,Orthodox,05/07/1999
Yanal Ashmouz,69,155.0,69,Orthodox,03/31/1995
Isaac Dulgarian,67,145.0,71,Orthodox,07/04/1996
Nathan Fletcher,67,135.0,70,Orthodox,01/03/1998
Ryan Loder,74,185.0,76,Southpaw,06/05/1991
Gerald Meerschaert,73,185.0,77,Southpaw,12/18/1987
Viacheslav Borshchev,71,155.0,69,Orthodox,01/08/1992
Kai Kara-France,64,125.0,69,Orthodox,03/26/1993
Dan Hooker,72,155.0,75,Switch,02/13/1990
Jairzinho Rozenstruik,74,242.0,78,Orthodox,03/17/1988
Ricardo Ramos,69,145.0,72,Orthodox,08/01/1995
Song Kenan,72,170.0,71,Orthodox,03/10/1990
Danny Barlow,74,185.0,79,Southpaw,08/02/1995
Toshiomi Kazama,67,135.0,69,Orthodox,05/15/1997
Guram Kutateladze,71,155.0,72,Orthodox,01/08/1992
Sedriques Dumas,74,185.0,79,Orthodox,08/06/1995
Belal Muhammad,71,170.0,72,Orthodox,07/09/1988
Jake Hadley,67,135.0,70,Southpaw,08/03/1996
Muhammad Mokaev,67,125.0,70,Orthodox,07/30/2000
Mick Parkin,76,265.0,79,Orthodox,10/02/1995
Kurt Holobaugh,71,155.0,70,Orthodox,09/08/1986
Trey Ogden,71,155.0,72,Orthodox,11/14/1989
Luana Carolina,66,135.0,69,Orthodox,06/11/1993
Abdul Razak Alhassan,70,185.0,73,Orthodox,08/11/1985
Macy Chiasson,71,135.0,72,Orthodox,07/27/1991
Robert Whittaker,72,205.0,73,Orthodox,12/20/1990
Magomed Gadzhiyasulov,74,205.0,75,Orthodox,11/04/1993
Miles Johns,67,135.0,68,Orthodox,03/30/1994
Lucas Almeida,71,145.0,71,Orthodox,01/31/1991
Brady Hiestand,68,135.0,71,Orthodox,04/30/1999
Adam Fugitt,73,170.0,77,Southpaw,01/12/1989
Nate Maness,70,125.0,72,Orthodox,06/27/1991
Westin Wilson,73,145.0,73,Southpaw,01/24/1989
Josefine Knutsson,63,115.0,60,Orthodox,01/16/1996
Brad Katona,66,135.0,64,Orthodox,12/19/1991
Montana De La Rosa,67,125.0,68,Orthodox,02/14/1995
Puja Tomar,61,115.0,59,Southpaw,12/05/1993
Niko Price,72,170.0,76,Orthodox,09/29/1989
Bassil Hafez,71,170.0,72,Orthodox,01/31/1992
Adrian Yanez,67,135.0,70,Orthodox,11/29/1993
Melissa Gatto,65,125.0,69,Orthodox,05/02/1996
Ariane Carnelossi,62,115.0,61,Orthodox,11/17/1992
Alatengheili,65,135.0,66,Orthodox,12/14/1991
Vanessa Demopoulos,62,125.0,59,Orthodox,09/22/1988
Diego Ferreira,69,155.0,74,Orthodox,01/18/1985
Trey Waters,77,170.0,77,Orthodox,02/21/1995
Jose Aldo,67,135.0,70,Orthodox,09/09/1986
Anthony Smith,76,205.0,76,Orthodox,07/26/1988
Ismael Bonfim,68,155.0,71,Orthodox,12/28/1995
Austin Hubbard,70,155.0,71,Orthodox,12/22/1991
Don'Tale Mayes,78,260.0,81,Orthodox,01/16/1992
Ivana Petrovic,68,125.0,70,Southpaw,06/11/1994
Maheshate,72,155.0,71,Orthodox,12/01/1999
Jessica Andrade,61,115.0,62,Orthodox,09/25/1991
Damon Jackson,71,155.0,71,Switch,08/08/1988
Charlie Campbell,72,155.0,72,Orthodox,07/03/1995
Alex Morono,71,170.0,72,Orthodox,08/16/1990
Lukasz Brzeski,75,236.0,78,Orthodox,05/17/1992
Victor Hugo,67,135.0,71,Orthodox,11/22/1992
Chris Weidman,74,185.0,78,Orthodox,06/17/1984
Nate Landwehr,69,145.0,72,Orthodox,06/06/1988
Julio Arce,67,145.0,70,Southpaw,10/27/1989
Dennis Buzukja,69,145.0,70,Switch,10/01/1997
Karl Williams,75,235.0,79,Orthodox,01/06/1990
Fernando Padilla,73,145.0,76,Orthodox,12/15/1996
Jarno Errens,71,145.0,73,Orthodox,11/17/1994
Ovince Saint Preux,75,205.0,80,Southpaw,04/08/1983
Chad Anheliger,66,135.0,64,Orthodox,12/01/1986
Dustin Poirier,69,155.0,72,Southpaw,01/19/1989
Kyler Phillips,68,135.0,72,Orthodox,06/12/1995
Philipe Lins,74,205.0,78,Orthodox,08/17/1985
Robelis Despaigne,79,265.0,84,Orthodox,09/09/1988
Joanne Wood,66,125.0,65,Orthodox,12/23/1985
Loik Radzhabov,71,155.0,69,Orthodox,09/17/1990
Brian Ortega,68,155.0,69,Switch,02/21/1991
Daniel Zellhuber,73,155.0,77,Switch,07/07/1999
Yazmin Jauregui,63,115.0,64,Orthodox,02/28/1999
Felipe dos Santos,67,125.0,70,Orthodox,09/11/2000
Marcos Rogerio de Lima,73,253.0,75,Orthodox,06/25/1985
Jack Hermansson,73,170.0,77,Orthodox,06/10/1988
Ihor Potieria,75,185.0,75,Southpaw,05/29/1996
Marcin Prachnio,75,205.0,73,Orthodox,07/14/1988
Max Griffin,71,170.0,76,Orthodox,11/29/1985
Aliaskhab Khizriev,69,185.0,74,Southpaw,08/24/1990
Molly McCann,64,115.0,62,Orthodox,05/04/1990
JeongYeong Lee,70,145.0,73,Orthodox,11/13/1995
Jamal Pogues,75,205.0,77,Orthodox,12/01/1995
Raquel Pennington,67,135.0,67,Orthodox,09/05/1988
Garrett Armfield,66,135.0,70,Orthodox,10/09/1996
Ramon Taveras,68,145.0,70,Southpaw,01/09/1994
Jimmy Flick,67,125.0,68,Orthodox,09/07/1990
Preston Parsons,71,170.0,71,Orthodox,07/15/1995
Leon Edwards,74,170.0,74,Southpaw,08/25/1991
Josh Emmett,66,145.0,70,Orthodox,03/04/1985
Irene Aldana,69,135.0,68,Orthodox,03/26/1988
Ariane da Silva,66,125.0,67,Orthodox,01/26/1994
Andre Muniz,73,185.0,78,Southpaw,02/17/1990
Kevin Jousset,74,170.0,75,Orthodox,05/02/1993
Miesha Tate,66,135.0,65,Orthodox,08/18/1986
Jared Gooden,72,170.0,77,Orthodox,12/05/1993
Amanda Ribas,64,115.0,66,Orthodox,08/26/1993
Jose Johnson,72,125.0,71,Orthodox,05/20/1995
Jeka Saragih,68,145.0,69,Orthodox,01/01/1995
Rodrigo Nascimento,74,246.0,80,Orthodox,11/26/1992
Elves Brener,70,155.0,72,Orthodox,09/27/1997
Marc Diakiese,70,155.0,73,Orthodox,03/16/1993
Said Nurmagomedov,68,135.0,70,Orthodox,04/05/1992
Trevor Peek,69,145.0,70,Switch,01/09/1995
Mike Breeden,70,155.0,70,Orthodox,04/21/1989
Viktoriia Dudakova,65,115.0,67,Orthodox,01/26/1999
Edson Barboza,71,155.0,75,Orthodox,01/21/1986
Jonathan Martinez,68,135.0,70,Southpaw,04/20/1994
Tainara Lisboa,67,135.0,67,Orthodox,03/02/1991
Emily Ducote,62,115.0,63,Orthodox,01/01/1994
Bill Algeo,72,145.0,73,Switch,06/09/1989
Karolina Kowalkiewicz,63,115.0,64,Orthodox,10/15/1985
Marina Rodriguez,66,115.0,65,Orthodox,04/29/1987
Dan Argueta,67,135.0,68,Southpaw,08/13/1993
Tim Means,74,170.0,75,Orthodox,02/20/1984
Justin Tafa,72,264.0,74,Southpaw,12/13/1993
Tyson Pedro,75,205.0,79,Orthodox,09/17/1991
Gabriel Miranda,71,145.0,71,Orthodox,03/25/1990
Ange Loosa,70,170.0,74,Orthodox,03/18/1993
Giga Chikadze,72,145.0,74,Orthodox,08/25/1988
Billy Ray Goff,70,170.0,72,Switch,06/18/1998
SeungWoo Choi,72,145.0,74,Orthodox,11/03/1992
Marlon Vera,68,135.0,70,Switch,12/02/1992
AJ Dobson,73,185.0,76,Orthodox,01/18/1992
Josh Fremd,76,185.0,76,Orthodox,01/15/1994
Tanner Boser,74,205.0,75,Orthodox,08/02/1991
Carlston Harris,72,170.0,76,Orthodox,07/09/1987
Billy Quarantillo,70,145.0,70,Orthodox,12/08/1988
CJ Vergara,66,125.0,68,Orthodox,06/18/1991
Julija Stoliarenko,67,125.0,66,Orthodox,04/08/1993
Jonny Parsons,69,170.0,69,Orthodox,09/06/1991
Makhmud Muradov,74,185.0,75,Orthodox,02/08/1990
Holly Holm,68,135.0,69,Southpaw,10/17/1981
Francisco Prado,70,170.0,69,Orthodox,06/16/2002
Melsik Baghdasaryan,69,145.0,70,Southpaw,01/28/1992
Azat Maksum,67,125.0,70,Southpaw,02/02/1995
Alexander Munoz,69,155.0,72,Switch,02/27/1990
Robbie Lawler,71,170.0,74,Southpaw,03/20/1982
Cameron Saaiman,68,135.0,67,Southpaw,12/20/2000
Armen Petrosyan,75,185.0,71,Orthodox,11/03/1990
Kyung Ho Kang,69,135.0,73,Orthodox,09/09/1987
Tereza Bleda,69,125.0,71,Orthodox,11/30/2001
Amanda Nunes,68,135.0,69,Orthodox,05/30/1988
Diana Belbita,67,125.0,68,Orthodox,06/26/1996
Amir Albazi,65,125.0,68,Orthodox,10/27/1993
Alex Caceres,70,145.0,73,Southpaw,06/20/1988
Gilbert Urbina,75,185.0,75,Orthodox,04/05/1996
Matt Brown,72,170.0,75,Orthodox,01/10/1981
Douglas Silva de Andrade,67,145.0,68,Orthodox,06/22/1985
Mandy Bohm,67,125.0,71,Orthodox,07/30/1989
Matt Frevola,69,155.0,71,Orthodox,06/11/1990
Parker Porter,72,265.0,75,Orthodox,04/22/1985
Claudio Ribeiro,73,185.0,77,Orthodox,07/17/1992
Irina Alekseeva,68,135.0,67,Orthodox,06/27/1990
Bruno Silva,72,185.0,74,Orthodox,07/13/1989
Christos Giagos,70,155.0,71,Orthodox,01/23/1990
Pedro Munhoz,66,135.0,65,Orthodox,09/07/1986
Zak Cummings,72,205.0,75,Southpaw,08/02/1984
Israel Adesanya,76,185.0,80,Switch,07/22/1989
Gilbert Burns,70,170.0,71,Orthodox,07/20/1986
Luana Pinheiro,62,115.0,62,Orthodox,11/18/1992
Albert Duraev,71,185.0,75,Orthodox,01/05/1989
Daniel Pineda,67,145.0,69,Orthodox,08/06/1985
Lucas Alexander,71,145.0,73,Orthodox,07/28/1995
Trevin Giles,72,170.0,74,Orthodox,08/06/1992
Victor Altamirano,68,125.0,70,Switch,01/23/1991
Gunnar Nelson,71,170.0,72,Switch,07/28/1988
Jennifer Maia,64,125.0,64,Orthodox,10/06/1988
Marvin Vettori,72,185.0,74,Southpaw,09/20/1993
Jack Shore,68,145.0,71,Orthodox,02/06/1995
Augusto Sakai,75,265.0,77,Orthodox,05/09/1991
Joe Solecki,69,155.0,70,Orthodox,08/27/1993
Zac Pauga,74,205.0,76,Orthodox,02/25/1988
Mayra Bueno Silva,66,135.0,66,Orthodox,08/22/1991
AJ Fletcher,70,170.0,67,Switch,02/18/1997
Josh Culibao,70,145.0,73,Orthodox,05/24/1994
Kleydson Rodrigues,65,135.0,67,Orthodox,10/22/1995
Blake Bilder,68,145.0,68,Switch,07/12/1990
Devin Clark,72,205.0,75,Orthodox,04/12/1990
Anshul Jubli,72,155.0,69,Switch,01/13/1995
Jamahal Hill,76,205.0,79,Southpaw,05/19/1991
Cody Stamann,66,135.0,64,Orthodox,11/09/1989
Josiane Nunes,62,135.0,67,Southpaw,12/23/1993
Cory McKenna,63,115.0,58,Orthodox,07/11/1999
Matthew Semelsberger,73,170.0,75,Switch,11/23/1992
Sergey Morozov,66,135.0,67,Orthodox,06/14/1989
Eric Nolan,74,170.0,74,Orthodox,09/13/1997
Theodor Berggren,71,170.0,75,Switch,04/09/2000
Jefferson Nascimento,68,170.0,70,Orthodox,11/19/1998
Leon Shahbazyan,76,170.0,74,Orthodox,11/18/1995
Otari Tanzilovi,69,145.0,70,Orthodox,04/09/1998
Michael Chandler,68,155.0,71,Orthodox,04/24/1986
Yuneisy Duben,64,125.0,65,Orthodox,07/08/1996
YiSak Lee,72,185.0,72,Orthodox,01/01/2000
Ding Meng,74,170.0,73,Orthodox,09/27/1994
Xiong Jingnan,64,115.0,63,Switch,01/12/1988
Zhu Kangjie,66,145.0,70,Orthodox,01/16/1996
Christian Edwards,77,205.0,78,Southpaw,11/05/1998
Artur Minev,69,155.0,69,Orthodox,09/27/2003
Polyana Viana,65,115.0,67,Orthodox,06/14/1992
Jeremy Stephens,69,155.0,71,Orthodox,05/25/1986
Ollie Schmid,72,145.0,71,Orthodox,12/28/2000
Tai Tuivasa,74,264.0,75,Southpaw,03/16/1993
Kevin Christian,79,205.0,80,Orthodox,01/21/1995
Vince Morales,67,135.0,70,Orthodox,11/12/1990
Ben Johnston,76,185.0,76,Orthodox,10/11/1990
Adrian Luna Martinetti,68,135.0,71,Orthodox,08/20/1995
Marcus Buchecha,74,255.0,77,Orthodox,01/08/1990
Lucas Brennan,70,155.0,72,Southpaw,06/03/2000
Mandel Nallo,72,155.0,75,Orthodox,07/26/1989
Julien Leblanc,74,185.0,74,Southpaw,01/21/1992
Mark Vologdin,63,135.0,65,Orthodox,04/18/2000
Jamie Siraj,67,135.0,66,Orthodox,06/28/1994
Manolo Zecchini,68,145.0,68,Orthodox,10/22/1996
Robert Ruchala,68,145.0,72,Switch,05/15/1998
Stewart Nicoll,65,125.0,65,Orthodox,04/11/1996
Lando Vannata,69,155.0,71,Orthodox,03/14/1992
Hailey Cowan,68,135.0,67,Southpaw,02/12/1992
Dakota Hope,66,155.0,68,,01/29/1997
Kurtis Campbell,69,145.0,72,Switch,07/29/2002
Losene Keita,67,145.0,72,Orthodox,12/30/1997
Felipe Franco,73,205.0,76,Orthodox,01/22/2001
Antonio Trocoli,77,185.0,80,Orthodox,12/06/1990
Shem Rock,71,155.0,73,Southpaw,11/05/1993
Ravena Oliveira,65,115.0,65,Orthodox,02/20/1997
Harry Hardwick,68,145.0,71,Switch,09/29/1994
Ricky Turcios,69,145.0,71,Orthodox,06/05/1993
Rafael Tobias,74,205.0,74,Orthodox,03/20/2003
Luke Fernandez,73,205.0,76,Orthodox,06/29/1995
Angel Pacheco,68,135.0,70,Orthodox,01/13/1992
Jose Daniel Medina,72,185.0,74,Orthodox,05/17/1991
Kris Moutinho,67,135.0,68,Southpaw,08/09/1992
Erik Silva,69,145.0,71,Orthodox,03/16/1987
Josiah Harrell,67,170.0,68,Southpaw,11/13/1998
Alibi Idiris,66,125.0,68,Orthodox,10/22/1994
Gianni Vazquez,67,135.0,71,Orthodox,07/17/1994
Sangwook Kim,72,155.0,71,Orthodox,10/17/1993
Sebastian Szalay,66,145.0,66,Orthodox,02/03/1994
Sulangrangbo,69,135.0,66,Southpaw,07/17/2005
Isaac Thomson,70,145.0,69,,05/03/2002
Sean Sharaf,75,252.0,77,Orthodox,07/11/1993
Allen Frye Jr.,77,265.0,80,Orthodox,04/15/1998
Henry Cejudo,64,135.0,64,Orthodox,02/09/1987
Saygid Izagakhmaev,72,170.0,74,,09/03/1994
Rafael Cerqueira,75,205.0,76,Southpaw,03/15/1990
Marek Bujlo,76,265.0,77,Orthodox,10/10/1992
Max Gimenis,74,256.0,75,Orthodox,04/14/1993
Daniel Frunza,73,170.0,73,Orthodox,04/13/1994
Montserrat Conejo Ruiz,60,115.0,61,Southpaw,02/03/1993
Aleksandar Rakic,76,205.0,78,Orthodox,02/06/1992
Chris Barnett,69,261.0,75,Orthodox,06/14/1986
Kyle Prepolec,70,155.0,70,Southpaw,08/30/1989
Saimon Oliveira,64,135.0,72,Orthodox,04/21/1991
Tre'ston Vines,73,185.0,79,Orthodox,06/18/1996
Patchy Mix,71,135.0,70,Southpaw,08/16/1993
Brogan Walker,64,125.0,67,Switch,08/02/1988
Rolando Bedoya,71,155.0,74,Orthodox,01/13/1997
Josias Musasa,68,135.0,74,Southpaw,10/10/1998
Elisha Ellison,72,238.0,78,Orthodox,03/05/1997
Claudio Puelles,70,155.0,72,Southpaw,04/21/1996
Rodrigo Sezinando,69,170.0,71,Orthodox,12/11/1997
Kiefer Crosbie,71,170.0,70,Switch,04/05/1990
Terrance Saeteurn,66,125.0,67,Orthodox,05/30/1995
Nick Klein,73,185.0,77,Orthodox,09/08/1995
Mohammad Yahya,69,145.0,73,Switch,05/23/1994
Stephen Thompson,72,170.0,75,Orthodox,02/11/1983
Calvin Kattar,71,145.0,72,Orthodox,03/26/1988
Lauren Murphy,65,125.0,67,Orthodox,07/27/1983
Mitch Ramirez,71,155.0,71,Orthodox,11/03/1992
Alvin Hines,74,265.0,74,Orthodox,10/20/1991
Mark Choinski,68,155.0,69,Orthodox,10/22/1995
Rayanne dos Santos,62,115.0,62,Orthodox,06/08/1995
Sodiq Yusuff,69,155.0,71,Orthodox,05/19/1993
Connor Matthews,68,145.0,71,Switch,05/31/1992
Roberto Romero,68,145.0,70,Orthodox,01/30/2000
Cortavious Romious,64,135.0,68,Southpaw,01/06/1994
Istela Nunes,64,115.0,66,Orthodox,07/23/1992
Pedro Falcao,66,135.0,66,Orthodox,07/30/1992
Vinc Pichel,70,155.0,72,Orthodox,11/23/1982
Jordan Vucenic,70,155.0,73,Orthodox,03/02/1996
AJ Cunningham,70,135.0,71,Orthodox,09/07/1994
Julian Marquez,74,185.0,72,Orthodox,05/08/1990
Andrea Lee,66,125.0,69,Orthodox,02/11/1989
Dylan Budka,72,185.0,75,Switch,01/14/2000
Julia Avila,67,135.0,68,Orthodox,05/11/1988
Damir Hadzovic,69,155.0,70,Orthodox,08/08/1986
Colby Covington,71,170.0,72,Orthodox,02/22/1988
Ottman Azaitar,68,155.0,71,Switch,02/20/1990
Kron Gracie,69,145.0,70,Southpaw,07/11/1988
Clay Guida,67,155.0,70,Orthodox,12/08/1981
Baergeng Jieleyisi,69,145.0,71,Orthodox,11/24/1995
Kiru Sahota,70,125.0,73,Orthodox,05/28/1995
Feng Xiaocan,66,115.0,67,Southpaw,10/27/2001
Stipe Miocic,76,240.0,80,Orthodox,08/19/1982
James Llontop,72,155.0,73,Orthodox,08/02/1999
Mickey Gall,74,170.0,74,Switch,01/22/1992
Zachary Scroggin,75,170.0,74,Orthodox,03/09/1996
Caio Machado,76,250.0,78,Southpaw,07/20/1994
Rafael Dos Anjos,68,170.0,70,Southpaw,10/26/1984
Matheus Nicolau,66,125.0,66,Orthodox,01/06/1993
Tamires Vidal,66,135.0,68,Orthodox,07/27/1998
Jessica Penne,65,115.0,67,Orthodox,01/30/1983
Jonathan Pearce,72,145.0,71,Switch,05/01/1992
Carla Esparza,61,115.0,63,Orthodox,10/10/1987
Da Woon Jung,76,205.0,78,Orthodox,12/07/1993
Roosevelt Roberts,74,155.0,73,Orthodox,02/11/1994
Brendon Marotte,69,145.0,70,Orthodox,01/12/1996
Zygimantas Ramaska,71,145.0,71,Orthodox,12/27/1996
Victoria Leonardo,65,125.0,64,Orthodox,02/16/1990
Li Jingliang,72,170.0,71,Orthodox,03/20/1988
Herbert Burns,69,145.0,73,Orthodox,02/02/1988
Alex Reyes,71,155.0,73,Orthodox,10/02/1986
Ricky Glenn,72,170.0,70,Southpaw,04/12/1989
Charalampos Grigoriou,67,135.0,67,Orthodox,03/31/1992
Pannie Kianzad,67,135.0,66,Orthodox,12/08/1991
Tony Ferguson,71,170.0,76,Orthodox,02/12/1984
Denis Tiuliulin,73,185.0,77,Orthodox,05/17/1988
Kaynan Kruschewsky,72,155.0,73,Orthodox,04/04/1991
Brian Kelleher,66,135.0,66,Switch,08/19/1986
Lucie Pudilova,68,125.0,67,Orthodox,06/13/1994
Mariya Agapova,66,125.0,68,Southpaw,04/07/1997
Yanis Ghemmouri,69,135.0,69,Orthodox,01/24/1995
Michelle Waterson-Gomez,63,115.0,62,Orthodox,01/06/1986
Andrei Arlovski,75,240.0,77,Orthodox,02/04/1979
Josh Quinlan,72,170.0,72,Orthodox,02/06/1993
Shayilan Nuerdanbieke,68,145.0,69,Orthodox,05/04/1994
Miguel Baeza,74,170.0,74,Orthodox,08/23/1992
Jesse Butler,70,135.0,73,Orthodox,05/24/1992
Vinicius Salvador,67,135.0,70,Southpaw,07/24/1996
Victor Martinez,67,155.0,70,Orthodox,07/17/1991
Warlley Alves,71,185.0,72,Orthodox,01/04/1991
Rani Yahya,66,135.0,67,Orthodox,09/12/1984
Michal Figlak,70,155.0,70,Orthodox,08/15/1996
Marnic Mann,60,115.0,64,Southpaw,03/05/1993
Liang Na,65,125.0,67,Orthodox,07/27/1996
Gabriel Benitez,68,155.0,71,Southpaw,06/15/1988
Germaine de Randamie,69,135.0,71,Orthodox,04/24/1984
Anton Turkalj,76,205.0,78,Orthodox,06/10/1996
Luis Pajuelo,70,145.0,69,Orthodox,12/18/1994
Igor Severino,67,125.0,69,Orthodox,04/21/2003
Bryan Barberena,72,185.0,72,Southpaw,05/03/1989
Natan Levy,69,155.0,71,Southpaw,09/30/1991
Katlyn Cerminara,69,125.0,68,Orthodox,12/28/1988
Josh Parisian,76,265.0,79,Orthodox,06/28/1989
Maryna Moroz,67,125.0,67,Orthodox,09/08/1991
Jamie Pickett,74,185.0,80,Orthodox,08/29/1988
Mateus Mendonca,66,125.0,71,Orthodox,01/17/1999
Daniel Lacerda,66,125.0,70,Switch,06/05/1996
Denys Bondar,66,125.0,69,Orthodox,06/27/1992
Val Woodburn,68,170.0,74,Orthodox,08/10/1993
Fernie Garcia,67,135.0,67,Orthodox,04/12/1992
Pete Rodriguez,69,170.0,71,Switch,11/13/1996
Landon Quinones,69,155.0,70,Southpaw,11/21/1995
Yohan Lainesse,73,170.0,76,Orthodox,08/14/1992
Malcolm Gordon,67,125.0,71,Switch,05/19/1990
Phil Hawes,72,185.0,77,Orthodox,01/08/1989
Shannon Ross,66,125.0,66,Switch,05/12/1989
Stephanie Egger,66,135.0,68,Orthodox,08/12/1988
Wellington Turman,72,170.0,72,Orthodox,07/22/1996
Nick Aguirre,69,135.0,74,Southpaw,01/15/1996
Mark Madsen,68,155.0,72,Orthodox,09/23/1984
Abu Azaitar,69,185.0,76,Orthodox,03/10/1986
Jinh Yu Frey,63,115.0,65,Southpaw,05/20/1985
TJ Brown,69,145.0,72,Switch,05/22/1990
Ashley Yoder,67,115.0,69,Southpaw,10/20/1987
Kanako Murata,61,115.0,62,Orthodox,08/10/1993
Johnny Munoz,69,135.0,71,Orthodox,02/16/1993
Andre Fialho,72,170.0,74,Orthodox,04/07/1994
Jake Collier,75,230.0,78,Orthodox,10/25/1988
Hannah Goldy,64,115.0,61,Orthodox,05/18/1992
Terrence Mitchell,70,135.0,74,Orthodox,12/30/1989
John Makdessi,68,155.0,68,Orthodox,05/03/1985
Blood Diamond,71,170.0,76,Switch,07/10/1988
Shane Young,68,145.0,72,Orthodox,07/31/1993
Zarah Fairn,68,135.0,72,Orthodox,12/10/1983
Chan Sung Jung,67,145.0,72,Orthodox,03/17/1987
Taila Santos,66,125.0,68,Orthodox,06/22/1993
Yusaku Kinoshita,72,170.0,71,Southpaw,08/21/2000
Hakeem Dawodu,68,145.0,73,Orthodox,07/02/1991
Chris Daukaus,75,205.0,76,Orthodox,09/25/1989
Tafon Nchukwi,72,185.0,77,Orthodox,10/14/1994
JP Buys,65,135.0,67,Orthodox,04/30/1996
Gavin Tucker,66,145.0,66,Southpaw,06/17/1986
Aleksa Camur,73,205.0,74,Orthodox,09/25/1995
Danny Roberts,73,170.0,74,Southpaw,07/14/1987
Tucker Lutz,68,145.0,72,Orthodox,07/12/1994
Austin Lingo,70,145.0,70,Orthodox,07/10/1994
Genaro Valdez,69,155.0,72,Orthodox,01/16/1992
Tyson Nam,67,125.0,68,Orthodox,10/06/1983
Carl Deaton,67,155.0,69,Orthodox,11/24/1989
Ashlee Evans-Smith,68,135.0,67,Orthodox,07/09/1987
Kamuela Kirk,70,155.0,75,Switch,04/13/1994
Damir Ismagulov,70,155.0,74,Orthodox,02/03/1991
Kevin Lee,69,170.0,77,Orthodox,09/04/1992
Blagoy Ivanov,71,250.0,73,Southpaw,10/09/1986
Zhalgas Zhumagulov,64,125.0,66,Switch,08/29/1988
Ronnie Lawrence,68,135.0,68,Switch,06/13/1992
David Dvorak,65,125.0,68,Orthodox,06/05/1992
Maria Oliveira,66,115.0,69,Orthodox,12/12/1996
Abubakar Nurmagomedov,71,170.0,72,Orthodox,11/13/1989
Maxim Grishin,75,205.0,78,Orthodox,05/02/1984
Orion Cosce,71,170.0,71,Switch,07/15/1994
Ilir Latifi,70,230.0,73,Orthodox,07/28/1982
Nick Fiore,70,155.0,72,Orthodox,12/10/1997
Takashi Sato,70,170.0,73,Southpaw,06/09/1990
Chase Sherman,76,250.0,78,Orthodox,11/16/1989
Ji Yeon Kim,67,125.0,72,Orthodox,10/18/1989
Jessica-Rose Clark,65,135.0,64,Orthodox,11/28/1987
Braxton Smith,71,257.0,72,Orthodox,01/01/1990
Joseph Holmes,76,185.0,80,Orthodox,07/04/1995
Journey Newson,65,135.0,67,Orthodox,03/07/1989
Batgerel Danaa,67,135.0,70,Orthodox,07/04/1989
Ed Herman,73,205.0,77,Orthodox,10/02/1980
Aaron Phillips,69,135.0,71,Southpaw,08/05/1989
Jorge Masvidal,71,170.0,74,Orthodox,11/12/1984
Cynthia Calvillo,64,115.0,64,Orthodox,07/13/1987
Steven Peterson,70,145.0,70,Orthodox,05/29/1990
Makwan Amirkhani,70,145.0,72,Southpaw,11/08/1988
Omar Morales,71,155.0,73,Orthodox,10/17/1985
Guido Cannetti,66,135.0,68,Southpaw,12/19/1979
Raphael Assuncao,65,135.0,66,Orthodox,07/19/1982
Tony Gravely,65,135.0,69,Orthodox,09/28/1991
Trevin Jones,67,135.0,70,Southpaw,08/04/1990
Derek Brunson,73,185.0,77,Southpaw,01/04/1984
Mana Martinez,70,135.0,70,Orthodox,03/25/1996
Erick Gonzalez,71,155.0,75,Orthodox,01/20/1992
Rafael Alves,68,155.0,68,Orthodox,11/14/1990
Jordan Wright,74,205.0,77,Orthodox,10/07/1991
William Knight,70,205.0,73,Orthodox,04/03/1988
Lina Lansberg,67,135.0,65,Orthodox,03/13/1982
Khusein Askhabov,68,145.0,69,Orthodox,02/13/1995
Juancamilo Ronderos,63,125.0,64,Southpaw,02/17/1995
Don Shainis,66,145.0,67,Orthodox,09/16/1990
Zubaira Tukhugov,68,155.0,68,Orthodox,01/15/1991
SeungGuk Choi,66,125.0,64,Orthodox,12/26/1996
Glover Teixeira,74,205.0,76,Orthodox,10/28/1979
Mauricio Rua,73,205.0,76,Orthodox,11/25/1981
Mounir Lazzez,73,170.0,76,Orthodox,11/16/1987
Shamil Abdurakhimov,75,235.0,76,Orthodox,09/02/1981
Cheyanne Vlismas,63,115.0,63,Switch,06/25/1995
Saidyokub Kakhramonov,68,135.0,69,Orthodox,11/14/1995
